customer_id,first_name,last_name,city,province,signup_date
1,Hassan,Farooq,Oakville,ON,2024-11-02
2,Ali,Ahmed,Milton,ON,2023-12-02
3,Muhammad,Malik,Brampton,ON,2024-06-17
4,Omar,Baig,Hamilton,ON,2023-07-30
5,Noor,Ali,Hamilton,ON,2024-04-03
6,Ayesha,Rahman,Toronto,ON,2023-12-15
7,Yusuf,Iqbal,Mississauga,ON,2023-04-30
8,Omar,Baig,Mississauga,ON,2023-08-03
9,Iman,Iqbal,Oakville,ON,2023-12-16
10,Zain,Ali,Brampton,ON,2023-08-25
11,Muhammad,Iqbal,Mississauga,ON,2023-07-23
12,Sarah,Baig,Hamilton,ON,2024-03-18
13,Muhammad,Ali,Mississauga,ON,2024-03-03
14,Noor,Baig,Oakville,ON,2023-12-11
15,Omar,Khan,Hamilton,ON,2024-07-14
16,Ayesha,Iqbal,Toronto,ON,2023-07-27
17,Muhammad,Ahmed,Toronto,ON,2023-09-05
18,Fatima,Iqbal,Oakville,ON,2023-05-08
19,Ayesha,Ahmed,Oakville,ON,2024-05-07
20,Fatima,Rahman,Mississauga,ON,2023-04-09
21,Omar,Ahmed,Mississauga,ON,2024-03-20
22,Ayesha,Ali,Mississauga,ON,2023-01-11
23,Noor,Iqbal,Oakville,ON,2024-06-29
24,Sarah,Syed,Oakville,ON,2023-12-22
25,Ayesha,Farooq,Mississauga,ON,2023-08-05
26,Iman,Khan,Brampton,ON,2023-10-14
27,Ayesha,Hussain,Milton,ON,2023-10-13
28,Hassan,Ahmed,Milton,ON,2024-06-16
29,Omar,Baig,Toronto,ON,2024-06-08
30,Noor,Iqbal,Brampton,ON,2024-11-30
31,Zain,Hussain,Milton,ON,2023-03-21
32,Sarah,Khan,Brampton,ON,2023-05-28
33,Fatima,Malik,Toronto,ON,2023-11-30
34,Sarah,Khan,Mississauga,ON,2023-10-25
35,Iman,Ahmed,Milton,ON,2024-09-26
36,Noor,Ali,Milton,ON,2024-07-29
37,Noor,Hussain,Hamilton,ON,2024-08-09
38,Fatima,Rahman,Oakville,ON,2023-09-17
39,Layla,Hussain,Oakville,ON,2024-07-19
40,Hassan,Syed,Mississauga,ON,2024-10-19
41,Yusuf,Syed,Toronto,ON,2024-03-09
42,Layla,Khan,Milton,ON,2023-07-26
43,Iman,Baig,Oakville,ON,2023-10-11
44,Ali,Khan,Toronto,ON,2024-07-29
45,Muhammad,Rahman,Hamilton,ON,2023-03-25
46,Yusuf,Rahman,Toronto,ON,2024-10-12
47,Fatima,Rahman,Oakville,ON,2024-03-08
48,Muhammad,Baig,Milton,ON,2023-03-06
49,Ali,Hussain,Mississauga,ON,2023-10-11
50,Omar,Ali,Oakville,ON,2023-07-09
51,Hassan,Ali,Toronto,ON,2024-02-19
52,Noor,Baig,Hamilton,ON,2023-03-06
53,Layla,Malik,Mississauga,ON,2024-02-27
54,Sarah,Syed,Brampton,ON,2024-11-01
55,Ali,Iqbal,Toronto,ON,2023-03-20
56,Omar,Hussain,Milton,ON,2024-06-07
57,Zain,Iqbal,Mississauga,ON,2024-05-21
58,Muhammad,Ahmed,Oakville,ON,2024-09-05
59,Yusuf,Malik,Milton,ON,2023-01-01
60,Yusuf,Malik,Milton,ON,2024-07-05
61,Fatima,Ali,Milton,ON,2024-03-17
62,Fatima,Baig,Milton,ON,2024-06-01
63,Iman,Farooq,Mississauga,ON,2023-02-01
64,Zain,Farooq,Milton,ON,2023-03-20
65,Noor,Syed,Toronto,ON,2023-09-30
66,Omar,Syed,Toronto,ON,2024-02-07
67,Layla,Baig,Toronto,ON,2023-03-03
68,Ali,Malik,Hamilton,ON,2024-08-22
69,Ali,Rahman,Milton,ON,2024-09-19
70,Fatima,Khan,Mississauga,ON,2023-07-28
71,Noor,Rahman,Oakville,ON,2023-06-11
72,Omar,Rahman,Mississauga,ON,2023-05-17
73,Yusuf,Hussain,Mississauga,ON,2024-05-09
74,Omar,Baig,Mississauga,ON,2023-12-03
75,Zain,Ahmed,Milton,ON,2023-10-21
76,Muhammad,Malik,Hamilton,ON,2023-09-01
77,Layla,Rahman,Oakville,ON,2024-01-19
78,Noor,Iqbal,Mississauga,ON,2024-07-10
79,Ali,Ali,Hamilton,ON,2023-06-05
80,Ali,Syed,Toronto,ON,2023-02-28
81,Ali,Iqbal,Toronto,ON,2023-07-25
82,Ali,Iqbal,Toronto,ON,2024-03-13
83,Ali,Hussain,Toronto,ON,2024-11-26
84,Ayesha,Rahman,Brampton,ON,2024-06-05
85,Iman,Iqbal,Hamilton,ON,2023-06-19
86,Iman,Syed,Milton,ON,2024-06-26
87,Iman,Iqbal,Brampton,ON,2023-03-29
88,Ayesha,Farooq,Toronto,ON,2024-08-26
89,Noor,Hussain,Mississauga,ON,2023-04-13
90,Yusuf,Malik,Hamilton,ON,2023-09-02
91,Layla,Iqbal,Brampton,ON,2024-06-02
92,Ayesha,Syed,Brampton,ON,2023-07-17
93,Hassan,Syed,Brampton,ON,2024-03-16
94,Fatima,Iqbal,Mississauga,ON,2023-12-05
95,Sarah,Hussain,Brampton,ON,2023-07-17
96,Sarah,Farooq,Oakville,ON,2024-04-28
97,Zain,Iqbal,Mississauga,ON,2024-11-11
98,Hassan,Ali,Toronto,ON,2024-01-01
99,Sarah,Syed,Toronto,ON,2023-09-21
100,Layla,Rahman,Mississauga,ON,2023-12-31
101,Iman,Ali,Milton,ON,2023-03-21
102,Noor,Iqbal,Brampton,ON,2024-11-24
103,Sarah,Ali,Mississauga,ON,2023-04-05
104,Hassan,Iqbal,Milton,ON,2024-05-23
105,Ayesha,Malik,Mississauga,ON,2023-01-09
106,Noor,Malik,Milton,ON,2023-09-06
107,Sarah,Malik,Toronto,ON,2024-10-03
108,Ayesha,Iqbal,Oakville,ON,2023-12-16
109,Hassan,Iqbal,Oakville,ON,2024-07-29
110,Sarah,Farooq,Oakville,ON,2024-10-09
111,Ayesha,Khan,Mississauga,ON,2024-03-26
112,Muhammad,Ali,Hamilton,ON,2024-06-12
113,Noor,Baig,Milton,ON,2023-10-07
114,Noor,Farooq,Milton,ON,2024-05-19
115,Noor,Hussain,Hamilton,ON,2024-04-05
116,Zain,Syed,Oakville,ON,2024-09-20
117,Hassan,Ahmed,Mississauga,ON,2023-11-27
118,Noor,Ali,Toronto,ON,2024-11-01
119,Omar,Iqbal,Hamilton,ON,2024-06-27
120,Hassan,Farooq,Hamilton,ON,2024-09-23
121,Ayesha,Farooq,Milton,ON,2024-09-08
122,Sarah,Baig,Toronto,ON,2023-07-05
123,Layla,Syed,Toronto,ON,2024-04-17
124,Yusuf,Khan,Milton,ON,2023-07-27
125,Zain,Hussain,Milton,ON,2023-10-03
126,Ayesha,Khan,Milton,ON,2024-10-23
127,Hassan,Rahman,Mississauga,ON,2023-08-01
128,Ali,Khan,Hamilton,ON,2023-08-02
129,Layla,Ahmed,Hamilton,ON,2024-11-19
130,Fatima,Iqbal,Hamilton,ON,2024-10-15
131,Omar,Farooq,Mississauga,ON,2024-02-02
132,Hassan,Iqbal,Hamilton,ON,2023-01-28
133,Zain,Khan,Milton,ON,2024-07-28
134,Omar,Rahman,Milton,ON,2023-05-12
135,Ali,Rahman,Oakville,ON,2024-07-19
136,Fatima,Iqbal,Mississauga,ON,2023-12-11
137,Omar,Ahmed,Oakville,ON,2023-03-17
138,Fatima,Malik,Hamilton,ON,2024-06-29
139,Yusuf,Rahman,Brampton,ON,2024-04-14
140,Zain,Ali,Milton,ON,2023-03-17
141,Omar,Rahman,Milton,ON,2023-11-21
142,Fatima,Farooq,Brampton,ON,2024-09-03
143,Ali,Khan,Brampton,ON,2023-08-29
144,Iman,Baig,Hamilton,ON,2023-08-03
145,Noor,Ahmed,Oakville,ON,2023-07-11
146,Noor,Iqbal,Hamilton,ON,2024-09-18
147,Ali,Syed,Oakville,ON,2023-05-03
148,Zain,Rahman,Toronto,ON,2024-02-05
149,Zain,Syed,Oakville,ON,2024-03-22
150,Yusuf,Ali,Toronto,ON,2024-01-30
151,Noor,Ali,Hamilton,ON,2023-02-16
152,Iman,Hussain,Mississauga,ON,2023-05-30
153,Hassan,Khan,Hamilton,ON,2024-04-29
154,Fatima,Rahman,Mississauga,ON,2023-04-07
155,Zain,Ahmed,Mississauga,ON,2024-04-24
156,Fatima,Khan,Oakville,ON,2024-08-19
157,Ali,Ahmed,Oakville,ON,2023-07-14
158,Zain,Syed,Hamilton,ON,2024-04-19
159,Fatima,Ahmed,Brampton,ON,2024-07-24
160,Iman,Malik,Oakville,ON,2024-10-17
161,Fatima,Ali,Hamilton,ON,2023-03-17
162,Yusuf,Rahman,Milton,ON,2024-12-01
163,Iman,Hussain,Brampton,ON,2024-01-22
164,Ali,Iqbal,Brampton,ON,2024-08-03
165,Ayesha,Rahman,Mississauga,ON,2024-05-07
166,Layla,Ali,Toronto,ON,2024-08-05
167,Muhammad,Khan,Mississauga,ON,2024-04-19
168,Ali,Farooq,Hamilton,ON,2024-01-20
169,Yusuf,Rahman,Mississauga,ON,2023-01-22
170,Hassan,Ali,Hamilton,ON,2024-03-03
171,Yusuf,Malik,Toronto,ON,2023-05-10
172,Iman,Hussain,Hamilton,ON,2023-01-24
173,Yusuf,Iqbal,Toronto,ON,2023-05-17
174,Zain,Hussain,Hamilton,ON,2024-11-29
175,Yusuf,Baig,Brampton,ON,2024-02-27
176,Yusuf,Baig,Milton,ON,2023-11-19
177,Fatima,Baig,Mississauga,ON,2023-10-30
178,Yusuf,Khan,Oakville,ON,2023-12-11
179,Yusuf,Syed,Mississauga,ON,2023-01-16
180,Zain,Malik,Toronto,ON,2024-02-29
181,Sarah,Farooq,Toronto,ON,2024-10-02
182,Hassan,Hussain,Milton,ON,2024-09-16
183,Layla,Hussain,Toronto,ON,2024-10-16
184,Zain,Rahman,Mississauga,ON,2024-10-23
185,Ali,Iqbal,Toronto,ON,2024-06-02
186,Noor,Farooq,Hamilton,ON,2024-01-18
187,Yusuf,Iqbal,Oakville,ON,2024-02-21
188,Layla,Iqbal,Milton,ON,2023-09-30
189,Ayesha,Ali,Brampton,ON,2023-05-13
190,Sarah,Farooq,Oakville,ON,2023-04-30
191,Zain,Malik,Milton,ON,2024-03-15
192,Zain,Iqbal,Oakville,ON,2024-10-10
193,Ali,Syed,Mississauga,ON,2023-07-27
194,Zain,Malik,Toronto,ON,2024-05-07
195,Fatima,Hussain,Milton,ON,2023-10-24
196,Noor,Khan,Oakville,ON,2024-10-08
197,Fatima,Rahman,Mississauga,ON,2024-06-04
198,Layla,Baig,Oakville,ON,2023-10-14
199,Hassan,Khan,Oakville,ON,2023-12-30
200,Fatima,Hussain,Hamilton,ON,2024-10-01
